K,Accuracy,Precision,F1 score
1,0.80292,0.77687,0.75875
2,0.74141,0.72233,0.71663
3,0.76419,0.73164,0.72580
4,0.74540,0.72871,0.71943
5,0.77213,0.75165,0.73945
6,0.77183,0.74568,0.74002
7,0.75667,0.73159,0.72145
8,0.77141,0.74684,0.73863
9,0.78676,0.76980,0.75991
