K,Accuracy,Precision,F1 score
1,0.77604,0.74573,0.73701
2,0.74177,0.72777,0.72211
3,0.75732,0.71358,0.71248
4,0.73737,0.70900,0.70341
5,0.75693,0.71765,0.71762
6,0.73759,0.70048,0.69926
7,0.74508,0.71107,0.70765
8,0.75645,0.72700,0.72721
9,0.76420,0.73509,0.73252
