K,Accuracy,Precision,F1 score
1,0.79763,0.76820,0.75382
2,0.74983,0.73202,0.72169
3,0.79825,0.77402,0.76029
4,0.80598,0.79063,0.77417
5,0.79448,0.77577,0.76066
6,0.77882,0.75431,0.74387
7,0.78615,0.76914,0.75027
8,0.78218,0.75824,0.75155
9,0.78645,0.76847,0.75269
