,K,Accuracy,Precision,F1 score
0,3,0.99219,0.99242,0.99225
1,4,0.99219,0.99242,0.99225
