K,Accuracy,Precision,F1 score
1,0.76080,0.73536,0.72451
2,0.73420,0.72044,0.71697
3,0.76072,0.72616,0.72786
4,0.75248,0.72377,0.72247
5,0.77186,0.74390,0.73984
6,0.74891,0.71824,0.71713
7,0.74521,0.71210,0.70800
8,0.76028,0.73256,0.72851
9,0.77173,0.74362,0.73632
