K,Accuracy,Precision,F1 score
1,0.77212,0.73730,0.71683
2,0.74631,0.72956,0.72193
3,0.77202,0.73548,0.72674
4,0.78352,0.76397,0.75489
5,0.74935,0.71136,0.70307
6,0.77497,0.74468,0.74209
7,0.76055,0.73302,0.72036
8,0.75584,0.72617,0.72035
9,0.77528,0.75214,0.74211
