,K,Accuracy,Precision,F1 score
0,1,0.98518,0.98576,0.98511
1,2,0.97772,0.97884,0.97771
