,K,Accuracy,Precision,F1 score
0,1,0.70768,0.67779,0.67358
1,2,0.70479,0.68974,0.61411
