K,Accuracy,Precision,F1 score
1,0.77974,0.75318,0.74390
2,0.74543,0.72950,0.72615
3,0.76437,0.72789,0.72912
4,0.75279,0.72288,0.72171
5,0.76442,0.73218,0.73089
6,0.75653,0.72518,0.72639
7,0.75662,0.72515,0.72288
8,0.75636,0.72688,0.72428
9,0.76794,0.73882,0.73454
